,RHDS,WebRH,WebDMS,Adobe Target
12-column grid,,,,
Call to action - primary,x,,,
Call to action - primary video,x,,,
Call to action - primary disabled,,,,
Call to action - secondary (ghost),,,,
Call to action - secondary (ghost blue),,,,
Call to action - default,x,,,
Call to action - default video,x,,,
Call to action - brick,x,,,
Call to action - brick with icon,x,,,
Link with icon,,,,
Button - primary,,,,
Button - secondary,,,,
Button - tertiary,,,,
Button - danger,,,,
Button - danger secondary,,,,
Button - disabled,,,,
Button - search,,,,
Button - link,,,,
Button - link danger,,,,
Button - close,,,,
Button - play,,,,
Skip to main content,,,,
"Tabs - horizontal, open",,,,
"Tabs - horizontal, boxed",,,,
"Tabs - vertical, open",,,,
"Tabs - vertical, boxed",,,,
Search bar,,,,
Search combo,,,,
Footer group,,,,
Accordion,,,,
Filter box,,,,
Form - full,,,,
Form - input group - money,,,,
Form - input group - email,,,,
Form - input group - username,,,,
Form - input group - date,,,,
Form - input group - search,,,,
Form - input group - help,,,,
Alert - inline,,,,
Alert - inline - variation,,,,
Alert - toast,,,,
Navigation,,,,
Cookie banner,,,,
Logo bar,,,,
Announcement bar,,,,
Dialog,,,,
Video with thumbnail,,,,
Quote,,,,
Jump links - horizontal,,,,
Jump links - vertical,,,,
Fixed bottom banner,,,,
Audio player,,,,
Tooltip,,,,
Promo band - full,,,,
Promo band - skinny,,,,
Card - basic,x,,,
Card - lists,,,,
Card - data/fast facts,,,,
Card - logo,,,,
Card - bar/with hat,,,,
Card - icon,,,,
Card - image,,,,
Card - asset,,,,
Card - quote,,,,
Card - avatars,,,,
Card - video,,,,
Card - pricing,,,,
Card - logo slider,,,,
Card - name slider,,,,
Avatar,,,,
